customerID,Actual_Churn,Predicted_Churn,Churn_Probability,Risk_Segment
6861-XWTWQ,1,1,0.9631795,Very High Risk
2609-IAICY,1,1,0.9561313,Very High Risk
9507-EXLTT,1,1,0.9431434,Very High Risk
5178-LMXOP,1,1,0.9399148,Very High Risk
5419-CONWX,1,1,0.93585986,Very High Risk
9057-SIHCH,1,1,0.9349909,Very High Risk
3006-XIMLN,1,1,0.93084484,Very High Risk
6857-VWJDT,1,1,0.9278522,Very High Risk
6372-RFVNS,1,1,0.92520225,Very High Risk
8375-DKEBR,1,1,0.92428404,Very High Risk
0655-RBDUG,1,1,0.9236794,Very High Risk
1069-XAIEM,1,1,0.9213735,Very High Risk
6910-HADCM,1,1,0.91433614,Very High Risk
5150-ITWWB,0,1,0.9132558,Very High Risk
0679-IDSTG,1,1,0.91236514,Very High Risk
0841-NULXI,1,1,0.9113515,Very High Risk
7181-BQYBV,1,1,0.90983343,Very High Risk
5052-PNLOS,1,1,0.90972346,Very High Risk
6137-NICCO,0,1,0.90807843,Very High Risk
6023-YEBUP,1,1,0.9054539,Very High Risk
4445-ZJNMU,0,1,0.90272653,Very High Risk
3716-BDVDB,1,1,0.90046203,Very High Risk
1820-TQVEV,1,1,0.90046203,Very High Risk
4078-SAYYN,1,1,0.89982677,Very High Risk
3097-NQYSN,1,1,0.8979341,Very High Risk
5186-SAMNZ,1,1,0.8944841,Very High Risk
7273-TEFQD,1,1,0.89149094,Very High Risk
6521-YYTYI,1,1,0.89148706,Very High Risk
4415-IJZTP,1,1,0.8905739,Very High Risk
0616-ATFGB,1,1,0.8854354,Very High Risk
8622-ZLFKO,0,1,0.88363326,Very High Risk
8821-XNHVZ,1,1,0.8820979,Very High Risk
5196-SGOAK,1,1,0.8795287,Very High Risk
2865-TCHJW,1,1,0.8794855,Very High Risk
6956-SMUCM,1,1,0.8791851,Very High Risk
1143-NMNQJ,1,1,0.8764524,Very High Risk
1640-PLFMP,0,1,0.8750233,Very High Risk
3244-DCJWY,1,1,0.8750233,Very High Risk
2856-HYAPG,1,1,0.8732109,Very High Risk
1768-ZAIFU,1,1,0.8708906,Very High Risk
7398-SKNQZ,0,1,0.8707435,Very High Risk
8593-WHYHV,1,1,0.86823374,Very High Risk
3677-IYRBF,1,1,0.8675886,Very High Risk
4587-VVTOX,1,1,0.8673087,Very High Risk
1448-PWKYE,1,1,0.8671393,Very High Risk
9804-ICWBG,1,1,0.8669142,Very High Risk
5542-TBBWB,0,1,0.8669142,Very High Risk
3841-CONLJ,0,1,0.8659273,Very High Risk
3296-SILRA,1,1,0.8647337,Very High Risk
7180-PISOG,1,1,0.8622992,Very High Risk
5167-ZFFMM,1,1,0.8618983,Very High Risk
0235-KGSLC,1,1,0.85831255,Very High Risk
4060-LDNLU,0,1,0.85823476,Very High Risk
5539-TMZLF,1,1,0.8454084,Very High Risk
7465-ZZRVX,0,1,0.8449594,Very High Risk
9940-RHLFB,1,1,0.84295034,Very High Risk
1853-UDXBW,1,1,0.84033316,Very High Risk
4750-ZRXIU,1,1,0.8395523,Very High Risk
1200-TUZHR,0,1,0.8393701,Very High Risk
3707-GNWHM,1,1,0.8371886,Very High Risk
6969-MVBAI,0,1,0.835804,Very High Risk
6338-AVWCY,1,1,0.8325262,Very High Risk
1731-TVIUK,1,1,0.83218074,Very High Risk
8258-GSTJK,1,1,0.8306919,Very High Risk
3722-WPXTK,1,1,0.83015186,Very High Risk
5376-DEQCP,1,1,0.826638,Very High Risk
1062-LHZOD,1,1,0.8258028,Very High Risk
0970-ETWGE,1,1,0.8252661,Very High Risk
6892-XPFPU,1,1,0.825023,Very High Risk
2952-QAYZF,1,1,0.8243373,Very High Risk
8245-UMPYT,1,1,0.8219709,Very High Risk
3727-RJMEO,1,1,0.8198676,Very High Risk
5956-YHHRX,0,1,0.819609,Very High Risk
5698-BQJOH,1,1,0.81826276,Very High Risk
4735-ASGMA,1,1,0.81301385,Very High Risk
3519-ZKXGG,1,1,0.81032044,Very High Risk
4813-HQMGZ,0,1,0.80829775,Very High Risk
7409-KIUTL,1,1,0.80723184,Very High Risk
2034-GDRCN,1,1,0.8051018,Very High Risk
0390-DCFDQ,1,1,0.804612,Very High Risk
6328-ZPBGN,1,1,0.80157554,Very High Risk
9747-DDZOS,1,1,0.7981977,High Risk
4706-DGAHW,0,1,0.79524565,High Risk
0447-RXSGD,0,1,0.79288375,High Risk
8443-ZRDBZ,1,1,0.7878402,High Risk
9050-IKDZA,0,1,0.78538114,High Risk
3177-LASXD,1,1,0.78239125,High Risk
2867-UIMSS,1,1,0.7820503,High Risk
7209-JCUDS,1,1,0.7820035,High Risk
4234-XTNEA,0,1,0.7804477,High Risk
2135-DQWAQ,0,1,0.77967674,High Risk
2485-ITVKB,1,1,0.77922666,High Risk
5357-TZHPP,1,1,0.77613354,High Risk
6608-QQLVK,1,1,0.7734878,High Risk
6376-GAHQE,1,1,0.7714021,High Risk
9907-SWKKF,1,1,0.7711242,High Risk
8380-PEFPE,1,1,0.76968235,High Risk
4631-OACRM,1,1,0.7695659,High Risk
2919-HBCJO,1,1,0.76694816,High Risk
4713-LZDRV,1,1,0.76561165,High Risk
3877-JRJIP,1,1,0.76435846,High Risk
3319-DWOEP,1,1,0.7613925,High Risk
4706-AXVKM,1,1,0.7574739,High Risk
4686-UXDML,0,1,0.756935,High Risk
2123-AGEEN,0,1,0.7548629,High Risk
8040-MNRTF,0,1,0.7546911,High Risk
3317-VLGQT,0,1,0.75423354,High Risk
2495-INZWQ,1,1,0.75288254,High Risk
6435-SRWBJ,0,1,0.75004363,High Risk
0928-JMXNP,0,1,0.7490168,High Risk
2077-MPJQO,0,1,0.74865824,High Risk
7198-GLXTC,1,1,0.74853826,High Risk
1320-HTRDR,1,1,0.7468668,High Risk
2582-FFFZR,0,1,0.74611306,High Risk
4546-FOKWR,0,1,0.744913,High Risk
8699-ASUFO,1,1,0.74416375,High Risk
8083-YTZES,1,1,0.743254,High Risk
7249-WBIYX,1,1,0.74255353,High Risk
7952-OBOYL,0,1,0.7404926,High Risk
1746-TGTWV,0,1,0.7403115,High Risk
8397-MVTAZ,1,1,0.74010694,High Risk
2674-MIAHT,0,1,0.7377209,High Risk
4749-OJKQU,0,1,0.7364447,High Risk
4059-IIEBK,0,1,0.7344164,High Risk
7495-OOKFY,1,1,0.73196864,High Risk
9221-OTIVJ,1,1,0.73138463,High Risk
9822-OAOVB,0,1,0.73074317,High Risk
6979-ZNSFF,1,1,0.7267019,High Risk
2959-MJHIC,1,1,0.7237913,High Risk
8111-RKSPX,1,1,0.72152436,High Risk
8720-RQSBJ,0,1,0.71918654,High Risk
2025-JKFWI,1,1,0.7164391,High Risk
2985-FMWYF,0,1,0.715587,High Risk
0004-TLHLJ,1,1,0.71454704,High Risk
3672-YITQD,1,1,0.7139254,High Risk
0876-WDUUZ,1,1,0.71056885,High Risk
1666-JXLKU,0,1,0.7104634,High Risk
8280-MQRQN,1,1,0.7095511,High Risk
0187-QSXOE,0,1,0.7079463,High Risk
9611-CTWIH,1,1,0.7079064,High Risk
1024-GUALD,1,1,0.7073849,High Risk
7250-EQKIY,1,1,0.7067063,High Risk
9565-DJPIB,1,1,0.7030634,High Risk
6856-RAURS,0,1,0.70121837,High Risk
7668-XCFYV,0,1,0.699911,High Risk
7056-IMHCC,1,1,0.6967247,High Risk
0979-PHULV,1,1,0.6957964,High Risk
6362-QHAFM,0,1,0.69526714,High Risk
6646-VRFOL,1,1,0.69239897,High Risk
2984-AFWNC,0,1,0.69228756,High Risk
2103-ZRXFN,0,1,0.6919046,High Risk
6680-WKXRZ,1,1,0.68982613,High Risk
0365-BZUWY,0,1,0.688851,High Risk
8873-GLDMH,0,1,0.6873074,High Risk
0168-XZKBB,0,1,0.686568,High Risk
5159-YFPKQ,1,1,0.68630224,High Risk
4115-NZRKS,0,1,0.68604374,High Risk
6212-ATMLK,0,1,0.68328,High Risk
4317-VTEOA,1,1,0.6821051,High Risk
3063-QFSZL,1,1,0.68189967,High Risk
0524-IAVZO,1,1,0.6799062,High Risk
9878-TNQGW,1,1,0.6793673,High Risk
1766-GKNMI,0,1,0.67763513,High Risk
6651-AZVTJ,1,1,0.672965,High Risk
2845-HSJCY,1,1,0.6720025,High Risk
7005-CCBKV,1,1,0.6709551,High Risk
2386-LAHRK,1,1,0.67044306,High Risk
1469-LBJQJ,0,1,0.6692757,High Risk
9274-UARKJ,0,1,0.66843426,High Risk
3439-GVUSX,0,1,0.6653034,High Risk
3587-PMCOY,0,1,0.66204524,High Risk
7130-VTEWQ,1,1,0.6614004,High Risk
3908-BLSYF,1,1,0.6604634,High Risk
5204-QZXPU,1,1,0.65921116,High Risk
4128-ETESU,0,1,0.659027,High Risk
8393-DLHGA,1,1,0.6588415,High Risk
3891-PUQOD,1,1,0.65763193,High Risk
4521-YEEHE,0,1,0.65538365,High Risk
4854-CIDCF,0,1,0.6540744,High Risk
9895-VFOXH,0,1,0.65393585,High Risk
4229-CZMLL,1,1,0.6528698,High Risk
7279-BUYWN,1,1,0.6507321,High Risk
5630-IXDXV,0,1,0.64893824,High Risk
9685-WKZGT,1,1,0.646909,High Risk
5928-QLDHB,0,1,0.6466224,High Risk
3211-AAPKX,0,1,0.6439387,High Risk
3352-ALMCK,0,1,0.6432939,High Risk
9121-PHQSR,0,1,0.6428817,High Risk
7571-YXDAD,1,1,0.64287674,High Risk
4282-MSACW,0,1,0.6424662,High Risk
1240-KNSEZ,1,1,0.6407696,High Risk
0491-KAPQG,0,1,0.63942873,High Risk
2761-XECQW,0,1,0.6385804,High Risk
9208-OLGAQ,0,1,0.63705575,High Risk
9402-ORRAH,0,1,0.636093,High Risk
3197-ARFOY,0,1,0.63570535,High Risk
6048-QBXKL,0,1,0.6349712,High Risk
4846-WHAFZ,1,1,0.6348997,High Risk
0330-IVZHA,1,1,0.63407856,High Risk
9279-CJEOJ,0,1,0.6325345,High Risk
0506-LVNGN,1,1,0.63247824,High Risk
5351-QESIO,0,1,0.63129604,High Risk
5091-HFAZW,0,1,0.62985116,High Risk
0430-IHCDJ,0,1,0.6291318,High Risk
6537-QLGEX,0,1,0.62611157,High Risk
1112-CUNAO,1,1,0.6258037,High Risk
4919-IKATY,1,1,0.6257426,High Risk
8709-KRDVL,0,1,0.6243688,High Risk
3916-NRPAP,0,1,0.62411493,High Risk
5373-SFODM,1,1,0.62266475,High Risk
3191-CSNMG,0,1,0.62255156,High Risk
9840-DVNDC,1,1,0.62211144,High Risk
5331-RGMTT,0,1,0.6215103,High Risk
2737-YNGYW,1,1,0.6200576,High Risk
2277-VWCNI,0,1,0.61975485,High Risk
7044-YAACC,0,1,0.61865085,High Risk
8107-KNCIM,0,1,0.6176528,High Risk
4283-FUTGF,1,1,0.6171695,High Risk
4817-VYYWS,1,1,0.613673,High Risk
0018-NYROU,0,1,0.61164737,High Risk
4633-MKHYU,0,1,0.61154383,High Risk
3374-LXDEV,1,1,0.6101982,High Risk
2465-BLLEU,0,1,0.6097902,High Risk
9667-TKTVZ,0,1,0.60936046,High Risk
9692-TUSXH,1,1,0.60874283,High Risk
4512-ZUIYL,1,1,0.60872906,High Risk
1867-BDVFH,1,1,0.60837036,High Risk
3627-FHKBK,1,1,0.60815644,High Risk
5288-AHOUP,0,1,0.6058566,High Risk
6166-ILMNY,1,1,0.6025245,High Risk
4112-LUEIZ,1,1,0.59960294,Medium Risk
4208-UFFGW,1,1,0.59922284,Medium Risk
6198-ZFIOJ,0,1,0.598652,Medium Risk
8696-JKZNU,1,1,0.59834707,Medium Risk
8739-WWKDU,1,1,0.5982304,Medium Risk
6833-JMZYP,0,1,0.59685826,Medium Risk
5692-FPTAH,1,1,0.59447515,Medium Risk
4237-RLAQD,1,1,0.59364295,Medium Risk
3721-CNEYS,1,1,0.59222126,Medium Risk
3496-LFSZU,0,1,0.5914981,Medium Risk
2824-MYYBN,0,1,0.5912252,Medium Risk
7912-SYRQT,1,1,0.59020364,Medium Risk
4342-HENTK,1,1,0.5890907,Medium Risk
2369-FEVNO,0,1,0.58851117,Medium Risk
3030-YDNRM,0,1,0.5872459,Medium Risk
8938-UMKPI,1,1,0.5868368,Medium Risk
8676-TRMJS,1,1,0.58673865,Medium Risk
2027-FECZV,1,1,0.58598,Medium Risk
6821-BUXUX,1,1,0.58409804,Medium Risk
4727-MCYZG,0,1,0.5830531,Medium Risk
9227-LUNBG,1,1,0.58263594,Medium Risk
7881-EVUAD,1,1,0.582069,Medium Risk
7159-FVYPK,0,1,0.5820155,Medium Risk
6817-WTYHE,0,1,0.58195496,Medium Risk
6298-QDFNH,1,1,0.5809921,Medium Risk
0576-WNXXC,1,1,0.5802607,Medium Risk
9576-ANLXO,1,1,0.57985944,Medium Risk
5712-PTIWW,1,1,0.5789333,Medium Risk
5207-PLSTK,0,1,0.57891595,Medium Risk
6047-YHPVI,1,1,0.5786544,Medium Risk
0685-MLYYM,1,1,0.5786319,Medium Risk
1522-VVDMG,1,1,0.57663125,Medium Risk
3750-CKVKH,1,1,0.57525945,Medium Risk
1608-GMEWB,0,1,0.5752322,Medium Risk
6542-LWGXJ,0,1,0.57239854,Medium Risk
8695-ARGXZ,0,1,0.57223755,Medium Risk
8325-QRPZR,0,1,0.57179606,Medium Risk
5759-RCVCB,1,1,0.57126534,Medium Risk
2057-ZBLPD,1,1,0.5703992,Medium Risk
8819-IMISP,0,1,0.56896305,Medium Risk
6158-HDPXZ,0,1,0.5688318,Medium Risk
2573-GYRUU,0,1,0.5678515,Medium Risk
9979-RGMZT,0,1,0.56734324,Medium Risk
7587-RZNME,1,1,0.5643886,Medium Risk
9465-RWMXL,1,1,0.5633319,Medium Risk
7029-RPUAV,1,1,0.5603644,Medium Risk
3223-DWFIO,0,1,0.5590028,Medium Risk
5442-BHQNG,0,1,0.5585894,Medium Risk
2897-DOVND,0,1,0.5579953,Medium Risk
5356-CSVSQ,0,1,0.55673325,Medium Risk
3665-JATSN,0,1,0.5554112,Medium Risk
0691-NIKRI,0,1,0.5541452,Medium Risk
6557-BZXLQ,0,1,0.5528048,Medium Risk
8429-XIBUM,1,1,0.5527868,Medium Risk
8212-DJRCH,0,1,0.551529,Medium Risk
6712-OAWRH,1,1,0.5511558,Medium Risk
5339-PXDVH,0,1,0.55015737,Medium Risk
8445-DNBAE,0,1,0.55009574,Medium Risk
6022-UGGSO,1,1,0.549424,Medium Risk
7072-MBHEV,0,1,0.5488278,Medium Risk
2761-OCIAX,1,1,0.54882157,Medium Risk
5813-UECBU,1,1,0.5486108,Medium Risk
7861-UVUFT,1,1,0.5480423,Medium Risk
4829-AUOAX,1,1,0.54690546,Medium Risk
3966-HRMZA,0,1,0.5458366,Medium Risk
3807-XHCJH,0,1,0.54281706,Medium Risk
0952-KMEEH,1,1,0.54143953,Medium Risk
0670-KDOMA,0,1,0.5400026,Medium Risk
3453-RTHJQ,0,1,0.53989965,Medium Risk
5533-NHFRF,0,1,0.538272,Medium Risk
4690-LLKUA,1,1,0.53713554,Medium Risk
6661-HBGWL,1,1,0.53676593,Medium Risk
0823-HSCDJ,1,1,0.53612894,Medium Risk
7296-PIXQY,0,1,0.5321958,Medium Risk
2000-MPKCA,0,1,0.5311064,Medium Risk
4248-QPAVC,1,1,0.53110045,Medium Risk
5380-WJKOV,1,1,0.52844965,Medium Risk
7754-IXRMC,0,1,0.5276741,Medium Risk
9992-UJOEL,0,1,0.52505654,Medium Risk
4678-DVQEO,1,1,0.5249387,Medium Risk
5129-JLPIS,0,1,0.52482986,Medium Risk
1587-FKLZB,1,1,0.52243775,Medium Risk
3318-OSATS,1,1,0.52172184,Medium Risk
5650-YLIBA,0,1,0.52155346,Medium Risk
6000-APYLU,1,1,0.52084386,Medium Risk
1156-ZFYDO,0,1,0.5187052,Medium Risk
8266-VBFQL,0,1,0.518258,Medium Risk
5976-JCJRH,1,1,0.5150275,Medium Risk
3679-XASPY,0,1,0.5119798,Medium Risk
2043-WVTQJ,0,1,0.51100796,Medium Risk
2074-GUHPQ,0,1,0.5091363,Medium Risk
6518-LGAOV,1,1,0.50834364,Medium Risk
2055-PDADH,1,1,0.5074253,Medium Risk
1784-EZDKJ,0,1,0.50680834,Medium Risk
5103-MHMHY,1,1,0.5062367,Medium Risk
7252-NTGSS,0,1,0.5061762,Medium Risk
7410-YTJIK,1,1,0.5054781,Medium Risk
8993-PHFWD,1,1,0.5041338,Medium Risk
4634-JLRJT,0,1,0.5011784,Medium Risk
7617-EYGLW,0,0,0.4999658,Medium Risk
0886-QGENL,1,0,0.4997292,Medium Risk
6834-NXDCA,1,0,0.49651387,Medium Risk
4412-YLTKF,1,0,0.49608636,Medium Risk
1965-DDBWU,1,0,0.49575168,Medium Risk
6777-TGHTM,1,0,0.4945386,Medium Risk
5600-KTXFM,0,0,0.49362627,Medium Risk
8617-ENBDS,0,0,0.4926656,Medium Risk
3658-KIBGF,1,0,0.49228504,Medium Risk
7312-XSBAT,0,0,0.49194697,Medium Risk
8621-MNIHH,1,0,0.48943564,Medium Risk
1230-QAJDW,0,0,0.48830125,Medium Risk
2778-OCLGR,1,0,0.48822114,Medium Risk
9112-WSNPU,0,0,0.48454714,Medium Risk
6770-XUAGN,1,0,0.48242342,Medium Risk
3768-NLUBH,1,0,0.48106712,Medium Risk
3334-CTHOL,1,0,0.48044863,Medium Risk
6896-SRVYQ,0,0,0.47835553,Medium Risk
9389-ACWBI,0,0,0.47799873,Medium Risk
0778-NELLA,1,0,0.4770854,Medium Risk
0258-NOKBL,0,0,0.47571468,Medium Risk
7663-RGWBC,1,0,0.47428337,Medium Risk
7018-WBJNK,0,0,0.47360525,Medium Risk
4818-QIUFN,1,0,0.47234493,Medium Risk
9283-LZQOH,1,0,0.47178638,Medium Risk
8601-QACRS,1,0,0.47102132,Medium Risk
2604-IJPDU,0,0,0.46599856,Medium Risk
5371-VYLSX,0,0,0.46563917,Medium Risk
7503-QQRVF,1,0,0.46441713,Medium Risk
2309-OSFEU,1,0,0.4635875,Medium Risk
1066-JKSGK,1,0,0.46292678,Medium Risk
9450-TRJUU,0,0,0.46248326,Medium Risk
1902-XBTFB,1,0,0.46155378,Medium Risk
2482-CZGBB,1,0,0.4614419,Medium Risk
1845-ZLLIG,0,0,0.46062154,Medium Risk
5419-KLXBN,1,0,0.46051002,Medium Risk
4029-HPFVY,0,0,0.45930597,Medium Risk
7752-XUSCI,1,0,0.45902207,Medium Risk
9506-UXUSK,0,0,0.4589439,Medium Risk
7801-KICAO,0,0,0.45766842,Medium Risk
8096-LOIST,0,0,0.4569772,Medium Risk
8714-EUHJO,1,0,0.45583603,Medium Risk
2955-BJZHG,1,0,0.45460796,Medium Risk
8660-BUETV,0,0,0.4544908,Medium Risk
7470-MCQTK,1,0,0.45336348,Medium Risk
5364-EVNIB,1,0,0.44960415,Medium Risk
5445-GLVOT,0,0,0.44848552,Medium Risk
3258-SANFR,0,0,0.44828972,Medium Risk
6259-WJQLC,0,0,0.44716194,Medium Risk
9572-WUKSB,0,0,0.44653854,Medium Risk
6124-ACRHJ,0,0,0.44579497,Medium Risk
0315-LVCRK,0,0,0.44489413,Medium Risk
9591-YVTEB,0,0,0.44294614,Medium Risk
2860-RANUS,1,0,0.44094953,Medium Risk
3452-ABWRL,0,0,0.43968132,Medium Risk
1956-YIFGE,0,0,0.43945947,Medium Risk
0818-OCPZO,1,0,0.43934458,Medium Risk
6319-IEJWJ,1,0,0.4387126,Medium Risk
9753-OYLBX,0,0,0.43837875,Medium Risk
8914-RBTSB,1,0,0.43817556,Medium Risk
8490-BXHEO,0,0,0.43645594,Medium Risk
3692-JHONH,0,0,0.4364286,Medium Risk
5899-OUVKV,0,0,0.4343551,Medium Risk
8393-JMVMB,0,0,0.43311054,Medium Risk
1391-UBDAR,0,0,0.43300414,Medium Risk
9167-APMXZ,0,0,0.43270162,Medium Risk
3930-ZGWVE,0,0,0.4318764,Medium Risk
7239-HZZCX,1,0,0.4318764,Medium Risk
3932-CMDTD,1,0,0.43116188,Medium Risk
3466-RITXD,0,0,0.4301154,Medium Risk
4547-LYTDD,1,0,0.42999116,Medium Risk
1355-KUSBG,0,0,0.42830592,Medium Risk
3926-CUQZX,1,0,0.42547134,Medium Risk
3192-LNKRK,0,0,0.42494732,Medium Risk
5022-JNQEQ,0,0,0.4248946,Medium Risk
4892-VLANZ,1,0,0.42483938,Medium Risk
5701-SVCWR,0,0,0.42318332,Medium Risk
8654-DHAOW,0,0,0.4204723,Medium Risk
8059-UDZFY,0,0,0.41764414,Medium Risk
0923-PNFUB,1,0,0.41504067,Medium Risk
7130-YXBRO,0,0,0.4147663,Medium Risk
8631-WUXGY,0,0,0.41402873,Medium Risk
0015-UOCOJ,0,0,0.41306978,Medium Risk
8535-SFUTN,0,0,0.41271308,Medium Risk
9286-DOJGF,1,0,0.41173816,Medium Risk
7422-WNBTY,0,0,0.411328,Medium Risk
2842-BCQGE,0,0,0.40953228,Medium Risk
8058-DMYRU,0,0,0.4089105,Medium Risk
8988-ECPJR,1,0,0.40842783,Medium Risk
6233-HXJMX,0,0,0.40838596,Medium Risk
0388-EOPEX,1,0,0.407412,Medium Risk
1989-PRJHP,1,0,0.40653,Medium Risk
2079-FBMZK,1,0,0.40647334,Medium Risk
0096-BXERS,0,0,0.4047306,Medium Risk
7075-BNDVQ,0,0,0.40443742,Medium Risk
4724-WXVWF,0,0,0.40412083,Medium Risk
1236-WFCDV,1,0,0.40358913,Medium Risk
3858-VOBET,1,0,0.40326628,Medium Risk
9732-KPKBW,1,0,0.40241542,Medium Risk
0581-MDMPW,0,0,0.40195283,Medium Risk
5889-JTMUL,1,0,0.4014492,Medium Risk
3716-UVSPD,0,0,0.3972127,Low Risk
2606-RMDHZ,1,0,0.3959996,Low Risk
3058-WQDRE,0,0,0.39511153,Low Risk
8033-VCZGH,0,0,0.39464644,Low Risk
1208-NBVFH,0,0,0.3945758,Low Risk
7534-BFESC,1,0,0.39391237,Low Risk
4154-AQUGT,1,0,0.39363813,Low Risk
3137-LUPIX,0,0,0.39328843,Low Risk
2391-SOORI,1,0,0.3930967,Low Risk
8637-XJIVR,1,0,0.39269832,Low Risk
8152-UOBNY,0,0,0.3926144,Low Risk
3540-RZJYU,1,0,0.39172348,Low Risk
1635-FJFCC,0,0,0.39115965,Low Risk
6845-RGTYS,1,0,0.39088023,Low Risk
5222-IMUKT,0,0,0.39049205,Low Risk
1329-VHWNP,0,0,0.38971195,Low Risk
0256-LTHVJ,1,0,0.38932794,Low Risk
8016-NCFVO,0,0,0.38869497,Low Risk
6704-UTUKK,0,0,0.3860184,Low Risk
5174-ITUMV,0,0,0.38529694,Low Risk
9842-EFSYY,0,0,0.38464835,Low Risk
2346-DJQTB,0,0,0.38320866,Low Risk
4660-IRIBM,0,0,0.3831008,Low Risk
4873-ILOLJ,1,0,0.38307035,Low Risk
1212-GLHMD,0,0,0.38283843,Low Risk
6710-HSJRD,0,0,0.38182017,Low Risk
7878-JGDKK,0,0,0.3808621,Low Risk
1493-AMTIE,1,0,0.3804883,Low Risk
2669-QVCRG,0,0,0.3803084,Low Risk
7876-BEUTG,0,0,0.37769535,Low Risk
5228-EXCET,1,0,0.3766679,Low Risk
2070-FNEXE,1,0,0.37530202,Low Risk
8849-AYPTR,0,0,0.37314153,Low Risk
2144-BFDSO,0,0,0.3722261,Low Risk
7579-OOPEC,1,0,0.3721445,Low Risk
9522-BNTHX,0,0,0.36738014,Low Risk
8128-YVJRG,1,0,0.36554798,Low Risk
6008-NAIXK,0,0,0.36416224,Low Risk
3785-NRHYR,0,0,0.36378548,Low Risk
6741-EGCBI,0,0,0.36327085,Low Risk
6583-SZVGP,0,0,0.36235863,Low Risk
8495-PRWFH,0,0,0.36211216,Low Risk
5950-AAAGJ,0,0,0.3614262,Low Risk
1894-IGFSG,1,0,0.36009806,Low Risk
9050-QLROH,1,0,0.35857457,Low Risk
3237-AJGEH,1,0,0.35728267,Low Risk
0376-YMCJC,1,0,0.35720587,Low Risk
1849-RJYIG,0,0,0.35621935,Low Risk
6317-YPKDH,1,0,0.356139,Low Risk
1816-FLZDK,0,0,0.35528934,Low Risk
3858-XHYJO,0,0,0.35435167,Low Risk
3055-MJDSB,0,0,0.35369366,Low Risk
8807-ARQET,0,0,0.35227183,Low Risk
5281-BUZGT,1,0,0.35118526,Low Risk
9710-ZUSHQ,1,0,0.35105273,Low Risk
9154-QDGTH,0,0,0.34850097,Low Risk
2101-RANCD,0,0,0.34716755,Low Risk
6652-YFFJO,0,0,0.34700963,Low Risk
8751-EDEKA,0,0,0.3457366,Low Risk
0931-MHTEM,0,0,0.34359056,Low Risk
4026-SKKHW,0,0,0.34347457,Low Risk
1763-WQFUK,0,0,0.34347457,Low Risk
4646-QZXTF,0,0,0.34276477,Low Risk
8757-TFHHJ,0,0,0.3377697,Low Risk
0611-DFXKO,1,0,0.33735156,Low Risk
7594-LZNWR,0,0,0.33675113,Low Risk
6227-HWPWX,1,0,0.33588117,Low Risk
1541-ETJZO,1,0,0.3334418,Low Risk
8805-JNRAZ,0,0,0.3327278,Low Risk
1809-DMJHQ,1,0,0.33201286,Low Risk
3594-KADLU,0,0,0.33167362,Low Risk
5575-TPIZQ,0,0,0.3303924,Low Risk
2956-GGUCQ,1,0,0.3298851,Low Risk
3689-MOZGR,0,0,0.3289426,Low Risk
0277-BKSQP,0,0,0.32742116,Low Risk
5630-AHZIL,0,0,0.32636094,Low Risk
9494-BDNNC,0,0,0.32518628,Low Risk
9512-UIBFX,1,0,0.32463604,Low Risk
1452-KIOVK,0,0,0.32377386,Low Risk
3537-RYBHH,0,0,0.32295573,Low Risk
9369-XFEHK,1,0,0.32290673,Low Risk
0409-WTMPL,0,0,0.32194415,Low Risk
7821-DPRQE,0,0,0.32129943,Low Risk
6635-CPNUN,0,0,0.3168921,Low Risk
4452-QIIEB,0,0,0.31625032,Low Risk
7551-DACSP,1,0,0.3149283,Low Risk
2866-IKBTM,0,0,0.31333426,Low Risk
2105-PHWON,0,0,0.31199604,Low Risk
7924-GJZFI,0,0,0.31183463,Low Risk
1092-GANHU,1,0,0.31138557,Low Risk
6646-QVXLR,1,0,0.31120133,Low Risk
4905-JEFDW,1,0,0.31042543,Low Risk
1768-HNVGJ,0,0,0.30967778,Low Risk
4343-EJVQB,0,0,0.30858976,Low Risk
4250-ZBWLV,1,0,0.30858442,Low Risk
0327-WFZSY,0,0,0.30695483,Low Risk
2812-SFXMJ,0,0,0.30601013,Low Risk
8887-IPQNC,0,0,0.30586863,Low Risk
3018-TFTSU,1,0,0.30535415,Low Risk
7554-AKDQF,0,0,0.30479565,Low Risk
3164-YAXFY,0,0,0.30127504,Low Risk
4989-LIXVT,0,0,0.30080014,Low Risk
6284-AHOOQ,1,0,0.3006432,Low Risk
3589-PPVKW,0,0,0.3000845,Low Risk
6968-GMKPR,0,0,0.29945117,Low Risk
9767-FFLEM,0,0,0.29913723,Low Risk
0829-XXPLX,0,0,0.29897222,Low Risk
1113-IUJYX,1,0,0.2961721,Low Risk
0742-MOABM,1,0,0.29554823,Low Risk
7537-CBQUZ,0,0,0.2942127,Low Risk
5301-GAUUY,1,0,0.29410613,Low Risk
7504-UWHNB,0,0,0.29312074,Low Risk
9576-SYUHJ,0,0,0.2927862,Low Risk
9233-PSYHO,0,0,0.29259193,Low Risk
6797-UCJHZ,0,0,0.29197815,Low Risk
7351-KYHQH,0,0,0.29073638,Low Risk
2883-ILGWO,0,0,0.28958264,Low Risk
7047-FWEYA,0,0,0.28881067,Low Risk
3211-ILJTT,1,0,0.2879441,Low Risk
0668-OGMHD,0,0,0.28755036,Low Risk
7893-IXHRQ,1,0,0.28746912,Low Risk
2108-YKQTY,1,0,0.28707272,Low Risk
2585-KTFRE,0,0,0.28706267,Low Risk
3234-VKACU,0,0,0.2863515,Low Risk
7576-JMYWV,0,0,0.2847447,Low Risk
1370-GGAWX,0,0,0.28456342,Low Risk
6543-CPZMK,1,0,0.2843234,Low Risk
8378-LKJAF,0,0,0.2826639,Low Risk
1035-IPQPU,0,0,0.2822085,Low Risk
5828-AVIPD,1,0,0.28197405,Low Risk
0851-DFJKB,0,0,0.28132892,Low Risk
2519-LBNQL,0,0,0.2811814,Low Risk
8272-ONJLV,0,0,0.27901885,Low Risk
8620-RJPZN,0,0,0.27878547,Low Risk
3207-OYBWH,1,0,0.27809545,Low Risk
2096-XOTMO,0,0,0.2765412,Low Risk
4012-ZTHBR,0,0,0.27626842,Low Risk
9048-JVYVF,1,0,0.27536613,Low Risk
4983-CLMLV,0,0,0.2751451,Low Risk
6769-DYBQN,1,0,0.2747772,Low Risk
5133-VRSAB,0,0,0.27395767,Low Risk
7742-MYPGI,0,0,0.27369183,Low Risk
8896-BQTTI,0,0,0.27229825,Low Risk
8930-XOTDP,0,0,0.27183697,Low Risk
4360-PNRQB,0,0,0.27149236,Low Risk
2203-GHNWN,0,0,0.271483,Low Risk
0310-MVLET,1,0,0.2712912,Low Risk
4465-VDKIQ,0,0,0.26966515,Low Risk
4393-RYCRE,0,0,0.26939562,Low Risk
7776-QGYJC,0,0,0.2688027,Low Risk
6331-LWDTQ,1,0,0.26811364,Low Risk
0428-IKYCP,0,0,0.26788235,Low Risk
1471-GIQKQ,0,0,0.26614392,Low Risk
4324-AHJKS,0,0,0.2659044,Low Risk
0486-HECZI,1,0,0.26531345,Low Risk
6137-MFAJN,0,0,0.2632533,Low Risk
0222-CNVPT,0,0,0.26323274,Low Risk
9761-XUJWD,0,0,0.2616884,Low Risk
5996-DAOQL,0,0,0.2614656,Low Risk
1170-SASML,0,0,0.26071525,Low Risk
8849-GYOKR,1,0,0.26025435,Low Risk
7351-MHQVU,0,0,0.26012716,Low Risk
7277-OZCGZ,0,0,0.25989208,Low Risk
8671-KKKOS,0,0,0.25740477,Low Risk
5269-NRGDP,0,0,0.2565803,Low Risk
0064-YIJGF,0,0,0.25384268,Low Risk
6559-RAKOZ,0,0,0.25250152,Low Risk
0822-QGCXA,0,0,0.25110033,Low Risk
6711-VTNRE,1,0,0.24980265,Low Risk
2798-NYLMZ,0,0,0.24971604,Low Risk
9643-YBLUR,0,0,0.24961308,Low Risk
5136-GFPMB,0,0,0.24904253,Low Risk
7343-EOBEU,0,0,0.24870631,Low Risk
1986-PHGZF,0,0,0.24783202,Low Risk
9971-ZWPBF,0,0,0.24768274,Low Risk
4851-BQDNX,0,0,0.24692261,Low Risk
1205-WNWPJ,1,0,0.2458895,Low Risk
4998-IKFSE,0,0,0.24549548,Low Risk
3923-CSIHK,1,0,0.24524258,Low Risk
9364-YKUVW,0,0,0.24492973,Low Risk
1656-DRSMG,0,0,0.24486789,Low Risk
0422-UXFAP,0,0,0.24296641,Low Risk
4329-YPDDQ,0,0,0.24285714,Low Risk
7923-IYJWY,0,0,0.24260911,Low Risk
4824-GUCBY,0,0,0.24170433,Low Risk
1848-LBZHY,0,0,0.24127708,Low Risk
1550-LOAHA,1,0,0.2399505,Low Risk
5716-LIBJC,0,0,0.23869655,Low Risk
6891-JPYFF,0,0,0.23862481,Low Risk
2995-UPRYS,1,0,0.23839077,Low Risk
2731-GJRDG,0,0,0.23646598,Low Risk
4211-MMAZN,1,0,0.23622982,Low Risk
4323-SADQS,1,0,0.23598821,Low Risk
2750-BJLSB,0,0,0.23581645,Low Risk
2139-FQHLM,0,0,0.23399721,Low Risk
7067-KSAZT,1,0,0.23342404,Low Risk
1963-VAUKV,1,0,0.23332861,Low Risk
7621-VPNET,0,0,0.23237765,Low Risk
1685-VAYJF,0,0,0.23204565,Low Risk
7623-TRNQN,1,0,0.23175126,Low Risk
7868-BGSZA,0,0,0.23161969,Low Risk
4640-UHDOS,1,0,0.23147258,Low Risk
7398-LXGYX,0,0,0.23076698,Low Risk
1436-ZMJAN,0,0,0.22924623,Low Risk
1658-XUHBX,0,0,0.22765881,Low Risk
0106-GHRQR,0,0,0.22645923,Low Risk
4753-PADAS,0,0,0.2260241,Low Risk
7529-ZDFXI,0,0,0.22356462,Low Risk
7740-BTPUX,0,0,0.22324501,Low Risk
9851-KIELU,1,0,0.2214342,Low Risk
6578-KRMAW,0,0,0.21762612,Low Risk
3780-YVMFA,0,0,0.21714224,Low Risk
5766-ZJYBB,1,0,0.21641487,Low Risk
5049-GLYVG,1,0,0.21588409,Low Risk
9103-TCIHJ,1,0,0.21538348,Low Risk
1097-FSPVW,0,0,0.215273,Low Risk
7124-UGSUR,1,0,0.21461335,Low Risk
5553-AOINX,0,0,0.21378835,Low Risk
6164-HXUGH,0,0,0.21227042,Low Risk
3022-BEXHZ,0,0,0.21179776,Low Risk
0961-ZWLVI,0,0,0.2111979,Low Risk
9254-RBFON,1,0,0.21031862,Low Risk
1735-XMJVH,0,0,0.21003003,Low Risk
8455-HIRAQ,0,0,0.20686412,Low Risk
3761-FLYZI,0,0,0.20389776,Low Risk
3126-WQMGH,0,0,0.20369858,Low Risk
3094-JOJAI,0,0,0.2033915,Low Risk
1600-DILPE,0,0,0.19915375,Low Risk
0295-QVKPB,0,0,0.19895513,Low Risk
4695-VADHF,1,0,0.19809538,Low Risk
4191-XOVOM,0,0,0.19663328,Low Risk
7502-BNYGS,0,0,0.196324,Low Risk
9122-UMROB,0,0,0.19587083,Low Risk
2322-VCZHZ,0,0,0.1957817,Low Risk
4160-AMJTL,1,0,0.19384184,Low Risk
1074-AMIOH,0,0,0.191807,Low Risk
3977-QCRSL,0,0,0.19103384,Low Risk
8920-NAVAY,0,0,0.19084229,Low Risk
7611-YKYTC,0,0,0.18837313,Low Risk
2832-SCUCO,0,0,0.18797249,Low Risk
6036-TTFYU,0,0,0.18627304,Low Risk
8049-WJCLQ,0,0,0.18617772,Low Risk
4667-OHGKG,1,0,0.18506885,Low Risk
4489-SNOJF,1,0,0.18443401,Low Risk
1357-MVDOZ,0,0,0.18400308,Low Risk
7074-STDCN,0,0,0.18397006,Low Risk
0678-RLHVP,0,0,0.18369356,Low Risk
6344-SFJVH,0,0,0.18344815,Low Risk
7410-KTVFV,1,0,0.18315573,Low Risk
9445-SZLCH,1,0,0.18253312,Low Risk
7854-EKTJL,1,0,0.1824439,Low Risk
0924-BJCRC,0,0,0.1818634,Low Risk
3890-RTCMS,0,0,0.1798799,Low Risk
6713-OKOMC,0,0,0.1791652,Low Risk
9986-BONCE,1,0,0.17618205,Low Risk
6847-KJLTS,0,0,0.17544994,Low Risk
8970-ANWXO,0,0,0.17520127,Low Risk
3392-EHMNK,0,0,0.17254122,Low Risk
3373-YZZYM,0,0,0.17223927,Low Risk
3807-BPOMJ,0,0,0.17135377,Low Risk
5206-XZZQI,0,0,0.170494,Low Risk
6258-NGCNG,0,0,0.16998494,Low Risk
4819-HJPIW,0,0,0.1690005,Low Risk
6806-YDEUL,0,0,0.16890508,Low Risk
0345-XMMUG,0,0,0.1657822,Low Risk
9489-UTFKA,0,0,0.16546544,Low Risk
3077-RSNTJ,0,0,0.16530325,Low Risk
6821-JPCDC,0,0,0.16491118,Low Risk
3043-TYBNO,0,0,0.16406211,Low Risk
0128-MKWSG,0,0,0.16395548,Low Risk
8041-TMEID,0,0,0.16371286,Low Risk
0347-UBKUZ,0,0,0.16184038,Low Risk
8791-GFXLZ,0,0,0.15814303,Low Risk
4190-MFLUW,1,0,0.15813932,Low Risk
3301-LSLWQ,0,0,0.15759875,Low Risk
8976-OQHGT,1,0,0.15709566,Low Risk
3363-EWLGO,0,0,0.15485764,Low Risk
2599-CZABP,0,0,0.1542541,Low Risk
1087-UDSIH,1,0,0.1538677,Low Risk
9367-TCUYN,0,0,0.15270165,Low Risk
3413-DHLPB,0,0,0.15256555,Low Risk
6483-OATDN,0,0,0.15199313,Low Risk
6047-SUHPR,0,0,0.15177478,Low Risk
4501-UYKBC,0,0,0.15130262,Low Risk
8053-WWDRO,1,0,0.15068494,Low Risk
3331-HQDTW,1,0,0.14884181,Low Risk
3179-GBRWV,0,0,0.14818265,Low Risk
9114-AAFQH,0,0,0.14746119,Low Risk
4800-CZMPC,1,0,0.14727977,Low Risk
1171-TYKUR,0,0,0.1470623,Low Risk
1853-ARAAQ,0,0,0.14630641,Low Risk
4869-EPIUS,0,0,0.14598727,Low Risk
6917-YACBP,0,0,0.14532195,Low Risk
6218-KNUBD,0,0,0.14519553,Low Risk
5339-TJFEK,0,0,0.14442797,Low Risk
0959-WHOKV,0,0,0.14430502,Low Risk
6497-TILVL,0,0,0.14406823,Low Risk
3606-SBKRY,0,0,0.1438198,Low Risk
8246-SHFGA,0,0,0.14368021,Low Risk
9402-ROUMJ,0,0,0.14367498,Low Risk
6270-OMFIW,1,0,0.14305812,Low Risk
5027-YOCXN,0,0,0.14246128,Low Risk
0058-EVZWM,0,0,0.14196154,Low Risk
4693-VWVBO,0,0,0.14139852,Low Risk
4918-FYJNT,0,0,0.14132948,Low Risk
8375-KVTHK,0,0,0.14093047,Low Risk
5702-SKUOB,0,0,0.14087988,Low Risk
2908-ZTPNF,0,0,0.13966666,Low Risk
2700-LUEVA,0,0,0.13942431,Low Risk
0909-SDHNU,0,0,0.13921575,Low Risk
1395-OFUWC,0,0,0.1385672,Low Risk
4830-FAXFM,0,0,0.13753085,Low Risk
2748-MYRVK,1,0,0.13565402,Low Risk
6429-SHBCB,0,0,0.13524677,Low Risk
9972-VAFJJ,0,0,0.13510217,Low Risk
9378-FXTIZ,1,0,0.13503543,Low Risk
6946-LMSQS,1,0,0.13490199,Low Risk
2257-BOVXD,0,0,0.13341106,Low Risk
3313-QKNKB,1,0,0.13235041,Low Risk
6668-CNMFP,0,0,0.13135551,Low Risk
2129-ALKBS,0,0,0.13121103,Low Risk
6475-VHUIZ,0,0,0.13056612,Low Risk
1045-LTCYT,0,0,0.13011755,Low Risk
0723-VSOBE,0,0,0.13011524,Low Risk
8739-QOTTN,0,0,0.12893347,Low Risk
8189-HBVRW,0,0,0.12879752,Low Risk
9644-KVCNC,0,0,0.12862913,Low Risk
2266-SJNAT,0,0,0.12834814,Low Risk
9089-UOWJG,0,0,0.12697315,Low Risk
0719-SYFRB,1,0,0.12518576,Low Risk
4946-EDSEW,1,0,0.12492256,Low Risk
6972-SNKKW,0,0,0.124883845,Low Risk
7781-EWARA,0,0,0.124415636,Low Risk
8023-QHAIO,0,0,0.1240936,Low Risk
6732-FZUGP,0,0,0.123850726,Low Risk
5701-ZIKJE,0,0,0.123554595,Low Risk
1697-NVVGY,0,0,0.12320094,Low Risk
5524-KHNJP,0,0,0.12244233,Low Risk
5827-MWCZK,0,0,0.12236537,Low Risk
1485-YDHMM,0,0,0.12228079,Low Risk
1140-UKVZG,0,0,0.12197379,Low Risk
5360-LJCNJ,0,0,0.12195138,Low Risk
3450-WXOAT,0,0,0.121685036,Low Risk
0750-EBAIU,0,0,0.12097877,Low Risk
0431-APWVY,1,0,0.12095548,Low Risk
5955-EPOAZ,0,0,0.12093527,Low Risk
3523-QRQLL,1,0,0.11990583,Low Risk
8402-EIVQS,0,0,0.119716525,Low Risk
5144-PQCDZ,0,0,0.119465314,Low Risk
3413-CSSTH,0,0,0.11911091,Low Risk
3696-XRIEN,0,0,0.11909516,Low Risk
0447-BEMNG,1,0,0.11843009,Low Risk
9762-YAQAA,0,0,0.11761583,Low Risk
5949-EBSQK,1,0,0.11703304,Low Risk
2732-ISEZX,0,0,0.116714135,Low Risk
8652-YHIYU,0,0,0.11661833,Low Risk
9128-CPXKI,0,0,0.116561726,Low Risk
3410-MHHUM,0,0,0.11609022,Low Risk
5016-LIPDW,0,0,0.11588273,Low Risk
4423-JWZJN,0,0,0.11568833,Low Risk
4184-VODJZ,0,0,0.11558936,Low Risk
3594-UVONA,1,0,0.115198724,Low Risk
6671-NGWON,0,0,0.11469835,Low Risk
2165-VOEGB,1,0,0.11462371,Low Risk
2843-CQMEG,0,0,0.11410694,Low Risk
7750-EYXWZ,0,0,0.11288064,Low Risk
1004-NOZNR,0,0,0.11266787,Low Risk
5334-JLAXU,0,0,0.11213069,Low Risk
6599-GZWCM,0,0,0.11197403,Low Risk
9107-UKCKY,0,0,0.11121036,Low Risk
3675-EQOZA,0,0,0.11048315,Low Risk
3325-FUYCG,1,0,0.110258974,Low Risk
0484-JPBRU,0,0,0.10966894,Low Risk
6682-QJDGB,1,0,0.109643966,Low Risk
3638-DIMPH,0,0,0.10955943,Low Risk
6303-KFWSL,0,0,0.1092695,Low Risk
0363-QJVFX,1,0,0.10912977,Low Risk
1264-FUHCX,0,0,0.108641595,Low Risk
9592-ERDKV,0,0,0.108510315,Low Risk
5562-YJQGT,0,0,0.10845512,Low Risk
5555-RNPGT,0,0,0.10743499,Low Risk
5949-HGVJL,0,0,0.10699146,Low Risk
2023-VQFDL,0,0,0.10691078,Low Risk
4685-TFLLS,0,0,0.10686179,Low Risk
9092-GDZKO,0,0,0.10682931,Low Risk
0665-XHDJU,0,0,0.10575621,Low Risk
8495-LJDFO,0,0,0.10565141,Low Risk
3011-WQKSZ,0,0,0.10551893,Low Risk
2338-BQEZT,0,0,0.10480792,Low Risk
9039-RBEEE,1,0,0.10466281,Low Risk
0975-UYDTX,0,0,0.10386166,Low Risk
9086-YJYXS,0,0,0.10380841,Low Risk
0690-SRQID,0,0,0.10352289,Low Risk
6752-APNJL,0,0,0.103444286,Low Risk
0623-EJQEG,0,0,0.10258035,Low Risk
8182-PNAGI,1,0,0.10152984,Low Risk
4419-UJMUS,0,0,0.10125444,Low Risk
4237-CLSMM,0,0,0.10065904,Low Risk
4075-JFPGR,0,0,0.10058307,Low Risk
2361-UPSND,0,0,0.10048547,Low Risk
3099-OONVS,0,0,0.10046886,Low Risk
3982-DQLUS,0,0,0.10037146,Low Risk
0946-FKYTX,0,0,0.10007128,Low Risk
7766-CLTIC,0,0,0.09980513,Low Risk
2284-VFLKH,0,0,0.09965764,Low Risk
5014-WUQMG,0,0,0.09949409,Low Risk
5198-HQAEN,0,0,0.09933281,Low Risk
4785-QRJHC,1,0,0.09863341,Low Risk
7629-WFGLW,0,0,0.09791221,Low Risk
5876-HZVZM,1,0,0.09719045,Low Risk
1936-CZAKF,0,0,0.09674021,Low Risk
8409-WQJUX,0,0,0.09644602,Low Risk
0824-VWDPO,0,0,0.09625523,Low Risk
0733-VUNUW,1,0,0.095368885,Low Risk
6061-GWWAV,0,0,0.095256954,Low Risk
7808-DVWEP,0,0,0.09472774,Low Risk
3391-JSQEW,0,0,0.09459965,Low Risk
3780-DDGSE,0,0,0.09449251,Low Risk
9209-NWPGU,0,0,0.09422091,Low Risk
5236-PERKL,1,0,0.09371244,Low Risk
5574-NXZIU,0,0,0.092449255,Low Risk
6048-UWKAL,0,0,0.09138137,Low Risk
7666-WKRON,1,0,0.09136267,Low Risk
2159-TURXX,0,0,0.09078306,Low Risk
6500-JVEGC,0,0,0.09047781,Low Risk
2305-MRGLV,0,0,0.090443514,Low Risk
8319-QBEHW,0,0,0.08950942,Low Risk
8840-DQLGN,1,0,0.08908573,Low Risk
9496-IVVRP,0,0,0.08776343,Low Risk
4365-MSDYN,0,0,0.08763023,Low Risk
2930-UOTMB,1,0,0.08706272,Low Risk
2458-EOMRE,0,0,0.08650899,Low Risk
1744-JHKYS,0,0,0.08635511,Low Risk
2061-VVFST,0,0,0.085629664,Low Risk
1222-LRYKO,0,0,0.08345394,Low Risk
3682-YEUWS,0,0,0.08329547,Low Risk
0440-QEXBZ,0,0,0.08309443,Low Risk
8433-WPJTV,0,0,0.082417645,Low Risk
5067-DGXLL,0,0,0.080448925,Low Risk
0297-RBCSG,0,0,0.08044067,Low Risk
4701-AHWMW,1,0,0.08039883,Low Risk
0080-EMYVY,0,0,0.079972275,Low Risk
0701-TJSEF,0,0,0.07985458,Low Risk
2091-MJTFX,1,0,0.07968988,Low Risk
0134-XWXCE,0,0,0.07927485,Low Risk
6319-QSUSR,0,0,0.07868866,Low Risk
3597-YASZG,0,0,0.07849544,Low Risk
4759-PXTAN,0,0,0.0781751,Low Risk
3594-IVHJZ,0,0,0.07730241,Low Risk
0895-LMRSF,0,0,0.076812856,Low Risk
1376-HHBDV,0,0,0.07677726,Low Risk
9318-NKNFC,1,0,0.07662197,Low Risk
4250-WAROZ,0,0,0.07658374,Low Risk
3374-PZLXD,0,0,0.076052025,Low Risk
4118-CEVPF,0,0,0.07581669,Low Risk
9139-WQQDY,1,0,0.075696796,Low Risk
6620-HVDUJ,0,0,0.075656824,Low Risk
3530-CRZSB,0,0,0.07539325,Low Risk
7931-PXHFC,1,0,0.07481125,Low Risk
8421-WZOOW,0,0,0.07432445,Low Risk
4504-YOULA,0,0,0.07353519,Low Risk
5985-BEHZK,0,0,0.07323602,Low Risk
4644-PIZRT,0,0,0.07278059,Low Risk
5469-CTCWN,1,0,0.07260165,Low Risk
6322-HRPFA,0,0,0.072549164,Low Risk
3190-FZATL,0,0,0.07198201,Low Risk
7445-WMRBW,0,0,0.07182386,Low Risk
7629-WIXZF,0,0,0.07138782,Low Risk
2483-XSSMZ,0,0,0.07066537,Low Risk
3694-GLTJM,0,0,0.070128866,Low Risk
9796-MVYXX,0,0,0.06991287,Low Risk
8929-KSWIH,0,0,0.069548935,Low Risk
2758-RNWXS,0,0,0.06938742,Low Risk
9391-DXGGG,0,0,0.06911138,Low Risk
2834-JKOOW,0,0,0.06893129,Low Risk
6661-EIPZC,0,0,0.06888658,Low Risk
9138-EFSMO,0,0,0.068558335,Low Risk
6345-ULYRW,1,0,0.067122854,Low Risk
2272-JKMSI,0,0,0.0667203,Low Risk
8869-TORSS,1,0,0.06659769,Low Risk
9470-RTWDV,0,0,0.06607716,Low Risk
3229-USWAR,0,0,0.0659565,Low Risk
7531-GQHME,0,0,0.06593604,Low Risk
3551-GAEGL,0,0,0.0658976,Low Risk
4011-ARPHK,0,0,0.06581696,Low Risk
0744-GKNGE,0,0,0.065805934,Low Risk
3301-VKTGC,0,0,0.06516604,Low Risk
2839-RFSQE,1,0,0.064813726,Low Risk
5445-PZWGX,1,0,0.06479509,Low Risk
7971-HLVXI,0,0,0.06441529,Low Risk
0020-INWCK,0,0,0.06380188,Low Risk
1707-HABPF,0,0,0.063801564,Low Risk
0379-DJQHR,0,0,0.062994346,Low Risk
1345-GKDZZ,0,0,0.062289827,Low Risk
6194-HBGQN,0,0,0.061736185,Low Risk
1247-QBVSH,0,0,0.061426435,Low Risk
0377-JBKKT,0,0,0.060943384,Low Risk
2408-PSJVE,0,0,0.060769666,Low Risk
7251-XFOIL,0,0,0.06030709,Low Risk
5832-EXGTT,0,0,0.059873454,Low Risk
6941-KXRRV,0,0,0.05984003,Low Risk
8963-MQVYN,0,0,0.059829697,Low Risk
9565-JSNFM,1,0,0.05976549,Low Risk
8097-OMULG,0,0,0.05974494,Low Risk
7789-CRUVC,0,0,0.059629627,Low Risk
6685-GBWJZ,0,0,0.05938841,Low Risk
6766-HFKLA,0,0,0.05932888,Low Risk
5396-IZEPB,0,0,0.059239533,Low Risk
4626-OZDTJ,0,0,0.05846087,Low Risk
4032-RMHCI,0,0,0.058358677,Low Risk
7524-VRLPL,0,0,0.05798412,Low Risk
7690-KPNCU,0,0,0.05795809,Low Risk
4445-KWOKW,0,0,0.057796653,Low Risk
4770-QAZXN,0,0,0.057650942,Low Risk
5268-DSMNQ,0,0,0.05687969,Low Risk
7926-IJOOU,0,0,0.05617537,Low Risk
7016-NVRIC,0,0,0.055527877,Low Risk
0083-PIVIK,0,0,0.054997,Low Risk
5120-ZBLAI,0,0,0.05496594,Low Risk
3156-QLHBO,0,0,0.054633114,Low Risk
6734-FQAJX,0,0,0.05454134,Low Risk
6617-WLBQC,0,0,0.05441101,Low Risk
8166-ZZTFS,1,0,0.05370056,Low Risk
2434-EEVDB,0,0,0.053679846,Low Risk
4002-BQWPQ,0,0,0.05364315,Low Risk
6967-PEJLL,0,0,0.053574853,Low Risk
1929-ZCBHE,0,0,0.05297839,Low Risk
9955-QOPOY,0,0,0.052205168,Low Risk
9391-TTOYH,0,0,0.051247165,Low Risk
0076-LVEPS,0,0,0.050417013,Low Risk
2364-UFROM,0,0,0.05037896,Low Risk
4189-NAKJS,0,0,0.05033985,Low Risk
7432-FFVAR,0,0,0.05011799,Low Risk
7520-HQWJU,0,0,0.04992763,Low Risk
0487-VVUVK,0,0,0.049596395,Low Risk
7872-BAAZR,0,0,0.04953183,Low Risk
9289-LBQVU,0,0,0.049517415,Low Risk
2659-VXMWZ,1,0,0.049438342,Low Risk
0519-DRGTI,0,0,0.04934682,Low Risk
5327-XOKKY,0,0,0.049215417,Low Risk
6810-VCAEX,0,0,0.049067706,Low Risk
8975-SKGRX,0,0,0.04896563,Low Risk
9174-IHETN,0,0,0.048840854,Low Risk
4072-IPYLT,0,0,0.04875224,Low Risk
6445-TNRXS,0,0,0.048673496,Low Risk
5240-CAOYT,0,0,0.04862786,Low Risk
8318-LCNBW,0,0,0.048132576,Low Risk
3096-WPXBT,0,0,0.04812772,Low Risk
8879-XUAHX,0,0,0.047855087,Low Risk
2085-JVGAD,0,0,0.04779099,Low Risk
8204-TIFGJ,0,0,0.047404896,Low Risk
5447-VYTKW,0,0,0.04726151,Low Risk
2675-IJRGJ,0,0,0.04715229,Low Risk
3372-CDXFJ,0,0,0.047037248,Low Risk
5906-CVLHP,1,0,0.046977393,Low Risk
1915-OAKWD,0,0,0.04619018,Low Risk
2533-QVMSK,1,0,0.04594962,Low Risk
2789-CZANW,0,0,0.045875728,Low Risk
7471-MQPOS,0,0,0.045807004,Low Risk
1150-WFARN,1,0,0.0456954,Low Risk
6332-FBZRI,0,0,0.045669895,Low Risk
7839-NUIAA,0,0,0.045322943,Low Risk
4304-TSPVK,0,0,0.04518754,Low Risk
9860-LISIZ,0,0,0.04499592,Low Risk
7157-SMCFK,0,0,0.044628385,Low Risk
4531-AUZNK,0,0,0.044625126,Low Risk
8277-RVRSV,0,0,0.044454932,Low Risk
9025-ZRPVR,1,0,0.044186857,Low Risk
6754-WKSHP,0,0,0.04411421,Low Risk
7706-DZNKK,0,0,0.044082113,Low Risk
6174-NRBTZ,0,0,0.043768596,Low Risk
4223-BKEOR,0,0,0.043709353,Low Risk
4039-PIMHX,0,0,0.043469958,Low Risk
1545-JFUML,0,0,0.04322161,Low Risk
6349-JDHQP,0,0,0.043031715,Low Risk
4369-NYSCF,0,0,0.04262062,Low Risk
0628-CNQRM,1,0,0.04261814,Low Risk
3021-VLNRJ,0,0,0.042526435,Low Risk
1568-LJSZU,0,0,0.042134903,Low Risk
4806-DXQCE,0,0,0.04172797,Low Risk
8406-LNMHF,0,0,0.04086999,Low Risk
1345-ZUKID,0,0,0.04081958,Low Risk
5049-MUBWG,0,0,0.04076003,Low Risk
7105-MXJLL,0,0,0.04062603,Low Risk
7654-YWJUF,0,0,0.040404107,Low Risk
4174-LPGTI,1,0,0.03927116,Low Risk
4942-VZZOM,0,0,0.03884366,Low Risk
0023-UYUPN,0,0,0.03865697,Low Risk
2599-CIPQE,0,0,0.03854537,Low Risk
1229-RCALF,0,0,0.038391687,Low Risk
2348-KCJLT,0,0,0.037684087,Low Risk
6870-ZWMNX,0,0,0.037420195,Low Risk
8292-FRFZQ,0,0,0.036871847,Low Risk
0221-NAUXK,0,0,0.036653366,Low Risk
2324-AALNO,0,0,0.03655912,Low Risk
2466-NEJOJ,0,0,0.03644835,Low Risk
1265-HVPZB,0,0,0.036403462,Low Risk
6993-YCOBK,0,0,0.035997774,Low Risk
1722-LDZJS,0,0,0.035876565,Low Risk
9480-BQJEI,0,0,0.035808507,Low Risk
7762-ONLJY,0,0,0.035539035,Low Risk
1936-UAFEH,0,0,0.03553611,Low Risk
5312-TSZVC,0,0,0.034864467,Low Risk
9040-KZVWO,0,0,0.03484196,Low Risk
2606-PKWJB,0,0,0.034165565,Low Risk
4701-LKOZD,0,0,0.034003466,Low Risk
4049-ZPALD,0,0,0.033914894,Low Risk
0191-EQUUH,0,0,0.033773117,Low Risk
7036-ZZKBD,0,0,0.033700246,Low Risk
2546-KZAAT,0,0,0.033595406,Low Risk
3506-OVLKD,0,0,0.033407982,Low Risk
1952-DVVSW,0,0,0.03320731,Low Risk
5736-YEJAX,0,0,0.03285221,Low Risk
4353-HYOJD,0,0,0.032592677,Low Risk
1429-UYJSV,0,0,0.03233699,Low Risk
7009-PCARS,0,0,0.03213052,Low Risk
9894-QMIMJ,0,0,0.030805431,Low Risk
5820-PTRYM,0,0,0.030707864,Low Risk
5975-BAICR,0,0,0.03064088,Low Risk
8261-GWDBQ,0,0,0.03057843,Low Risk
5271-YNWVR,1,0,0.0305201,Low Risk
9586-JGQKH,0,0,0.029962262,Low Risk
9867-XOBQA,0,0,0.029804826,Low Risk
9194-GFVOI,0,0,0.029469864,Low Risk
1036-GUDCL,0,0,0.029463062,Low Risk
6260-XLACS,0,0,0.029166684,Low Risk
6094-ZIVKX,0,0,0.02899803,Low Risk
6953-PBDIN,0,0,0.02897181,Low Risk
4999-IEZLT,0,0,0.02859893,Low Risk
9814-AOUDH,0,0,0.02857021,Low Risk
8782-NUUOL,0,0,0.028532248,Low Risk
8097-VBQTZ,0,0,0.028376093,Low Risk
0813-TAXXS,0,0,0.027866516,Low Risk
5821-MMEIL,0,0,0.027476856,Low Risk
1302-TPUBN,0,0,0.02736266,Low Risk
4632-XJMEX,0,0,0.02728324,Low Risk
0412-UCCNP,0,0,0.027154157,Low Risk
2673-ZALNP,0,0,0.027024876,Low Risk
8821-KVZKQ,0,0,0.026788687,Low Risk
7338-ERIVA,0,0,0.026704393,Low Risk
6016-LVTJQ,0,0,0.02655548,Low Risk
3174-AKMAS,0,0,0.026293978,Low Risk
1474-JUWSM,0,0,0.026279097,Low Risk
7609-NRNCA,0,0,0.025648765,Low Risk
0835-DUUIQ,0,0,0.02545921,Low Risk
3227-WLKLI,0,0,0.025239699,Low Risk
0670-ANMUU,0,0,0.025111204,Low Risk
6248-TKCQV,0,0,0.024878696,Low Risk
3933-DQPWX,0,0,0.024717413,Low Risk
5297-MDOIR,0,0,0.024713665,Low Risk
2188-SXWVT,0,0,0.024557246,Low Risk
2228-BZDEE,0,0,0.024408478,Low Risk
9871-ELEYA,0,0,0.024263354,Low Risk
1179-INLAT,0,0,0.023827164,Low Risk
9046-JBFWA,0,0,0.02375063,Low Risk
5696-JVVQY,0,0,0.02371809,Low Risk
2282-YGNOR,0,0,0.023669535,Low Risk
8314-HTWVE,0,0,0.023462115,Low Risk
5126-RCXYW,0,0,0.023040494,Low Risk
7401-JIXNM,0,0,0.02299386,Low Risk
3926-YZVVX,0,0,0.022795465,Low Risk
1139-WUOAH,0,0,0.022750275,Low Risk
0383-CLDDA,0,0,0.022616474,Low Risk
0895-LNKRC,0,0,0.02252561,Low Risk
7975-JMZNT,0,0,0.022323703,Low Risk
0230-UBYPQ,0,0,0.022253118,Low Risk
0853-TWRVK,0,0,0.022100832,Low Risk
8050-XGRVL,0,0,0.022100395,Low Risk
2535-PBCGC,0,0,0.021887269,Low Risk
7037-MTYVW,0,0,0.021710854,Low Risk
1038-RQOST,0,0,0.021644197,Low Risk
0835-JKADZ,0,0,0.021546656,Low Risk
3378-AJRAO,0,0,0.021164121,Low Risk
4464-JCOLN,1,0,0.020892188,Low Risk
5356-KZCKT,0,0,0.02068147,Low Risk
1834-ABKHQ,0,0,0.02054296,Low Risk
1293-HHSHJ,0,0,0.02043671,Low Risk
9483-GCPWE,0,0,0.020379422,Low Risk
2088-IEBAU,0,0,0.020365486,Low Risk
1657-DYMBM,0,0,0.020363156,Low Risk
8711-LOBKY,0,0,0.020343209,Low Risk
6295-OSINB,0,0,0.020068355,Low Risk
3398-GCPMU,0,0,0.020042721,Low Risk
5127-BZENZ,0,0,0.019885879,Low Risk
5313-FPXWG,0,0,0.019478269,Low Risk
6139-ZZRBQ,0,0,0.019417528,Low Risk
9489-JMTTN,0,0,0.01913953,Low Risk
6519-ZHPXP,0,0,0.019121569,Low Risk
9674-EHPPG,0,0,0.019092765,Low Risk
2205-LPVGL,0,0,0.018950222,Low Risk
3108-PCCGG,0,0,0.018947056,Low Risk
9152-AMKAK,0,0,0.01872231,Low Risk
5149-QYTTU,0,0,0.018721662,Low Risk
6434-TTGJP,0,0,0.018412529,Low Risk
3521-HTQTV,0,0,0.017931916,Low Risk
2418-TPEUN,0,0,0.017919023,Low Risk
8869-LIHMK,0,0,0.017910777,Low Risk
1272-ILHFG,0,0,0.01771103,Low Risk
4538-WNTMJ,0,0,0.017629543,Low Risk
1776-SPBWV,0,0,0.017547363,Low Risk
4674-HGNUA,0,0,0.017469047,Low Risk
3785-KTYSH,0,0,0.017442606,Low Risk
6292-TOSSS,0,0,0.01732983,Low Risk
2138-VFAPZ,0,0,0.01731905,Low Risk
0513-RBGPE,0,0,0.017286878,Low Risk
5829-NVSQN,0,0,0.017182602,Low Risk
3620-EHIMZ,0,0,0.016935961,Low Risk
4648-YPBTM,0,0,0.016892109,Low Risk
0866-QLSIR,1,0,0.01686655,Low Risk
2335-GSODA,0,0,0.016794652,Low Risk
5730-DBDSI,0,0,0.01662596,Low Risk
2907-ILJBN,0,0,0.016297149,Low Risk
0307-BCOPK,0,0,0.016243579,Low Risk
2325-ZUSFD,1,0,0.016236875,Low Risk
6924-TDGMT,0,0,0.016213715,Low Risk
9933-QRGTX,0,0,0.016015368,Low Risk
8908-SLFCJ,0,0,0.015902063,Low Risk
6695-AMZUF,0,0,0.015823677,Low Risk
4803-LBYPN,0,0,0.015695404,Low Risk
3298-QEICA,0,0,0.0155995935,Low Risk
0323-XWWTN,0,0,0.015588696,Low Risk
3133-PZNSR,0,0,0.015305091,Low Risk
8727-JQFHV,0,0,0.015235337,Low Risk
1090-ESELR,0,0,0.015003898,Low Risk
2676-SSLTO,0,0,0.014889086,Low Risk
5583-EJXRD,0,0,0.01478784,Low Risk
4378-BZYFP,0,0,0.014676647,Low Risk
5622-UEJFI,0,0,0.014628552,Low Risk
9531-NSBMR,0,0,0.014463368,Low Risk
8922-NPKBJ,0,0,0.01441662,Low Risk
9348-ROUAI,0,0,0.014338682,Low Risk
6199-IPCAO,0,0,0.014243326,Low Risk
8042-RNLKO,0,0,0.01423595,Low Risk
9648-BCHKM,0,0,0.014229153,Low Risk
9030-QGZNL,0,0,0.014144345,Low Risk
0121-SNYRK,0,0,0.014103525,Low Risk
8722-PRFDV,0,0,0.014073661,Low Risk
8309-PPCED,0,0,0.013991312,Low Risk
4979-HPRFL,0,0,0.013950015,Low Risk
8221-HVAYI,0,0,0.013791167,Low Risk
8259-DZLIZ,0,0,0.013565595,Low Risk
2252-NKNSI,0,0,0.013266563,Low Risk
1335-MXCSE,0,0,0.013146512,Low Risk
9227-YBAXE,0,0,0.013010481,Low Risk
1074-WVEVG,0,0,0.0130054,Low Risk
7569-NMZYQ,0,0,0.012508593,Low Risk
7527-QNRUS,0,0,0.012502987,Low Risk
5968-HYJRZ,0,0,0.012411908,Low Risk
0040-HALCW,0,0,0.012405953,Low Risk
9359-JANWS,0,0,0.012395215,Low Risk
0754-EEBDC,0,0,0.012363355,Low Risk
2150-OEGBV,0,0,0.012349313,Low Risk
1525-LNLOJ,0,0,0.012337477,Low Risk
3556-BVQGL,0,0,0.012077909,Low Risk
9602-WCXPI,0,0,0.012034142,Low Risk
2995-YWTCD,0,0,0.012019678,Low Risk
5176-OLSKT,0,0,0.0119614815,Low Risk
3891-NLXJB,0,0,0.011888626,Low Risk
1069-QJOEE,0,0,0.011826086,Low Risk
5158-RIVOP,0,0,0.011532954,Low Risk
8966-KZXXA,0,0,0.01133372,Low Risk
1775-KWJKQ,0,0,0.011304162,Low Risk
8430-TWCBX,0,0,0.011198895,Low Risk
9298-WGMRW,0,0,0.011077753,Low Risk
5982-PSMKW,0,0,0.0110194255,Low Risk
8857-CUPFQ,0,0,0.010866546,Low Risk
0071-NDAFP,0,0,0.01083661,Low Risk
3125-RAHBV,0,0,0.01078733,Low Risk
1303-SRDOK,0,0,0.010765142,Low Risk
8181-YHCMF,0,0,0.010657909,Low Risk
9224-VTYID,0,0,0.010534626,Low Risk
8413-YNHNV,0,0,0.010517314,Low Risk
9470-YFUYI,0,0,0.010515141,Low Risk
2208-NKVVH,0,0,0.010500634,Low Risk
4056-QHXHZ,0,0,0.010383437,Low Risk
3724-BSCVH,0,0,0.010291321,Low Risk
4709-LKHYG,0,0,0.010271932,Low Risk
0016-QLJIS,0,0,0.0101731,Low Risk
3546-GHEAE,0,0,0.010104457,Low Risk
1043-UXOVO,0,0,0.01004184,Low Risk
8069-RHUXK,0,0,0.010003064,Low Risk
9073-ZZIAY,0,0,0.009974977,Low Risk
4779-ZGICK,0,0,0.009944631,Low Risk
6388-TABGU,0,0,0.009860312,Low Risk
3778-FOAQW,0,0,0.009820889,Low Risk
6754-LZUKA,0,0,0.009802747,Low Risk
6518-KZXCB,0,0,0.009794668,Low Risk
8626-PTQGE,0,0,0.00972572,Low Risk
5057-RKGLH,0,0,0.00963166,Low Risk
7399-QHBJS,0,0,0.009590774,Low Risk
0902-RFHOF,0,0,0.009527799,Low Risk
2925-VDZHY,0,0,0.00952757,Low Risk
1982-FEBTD,0,0,0.00933811,Low Risk
3460-TJBWI,0,0,0.009336866,Low Risk
6848-HJTXY,0,0,0.009333245,Low Risk
2987-BJXIK,0,0,0.009295466,Low Risk
5924-SNGKP,0,0,0.009106599,Low Risk
5322-TEUJK,0,0,0.009104147,Low Risk
0436-TWFFZ,0,0,0.009053351,Low Risk
9258-CNWAC,0,0,0.009032892,Low Risk
1328-EUZHC,0,0,0.009000531,Low Risk
3978-YNKDD,0,0,0.008965312,Low Risk
0214-JHPFW,0,0,0.008928958,Low Risk
8024-XNAFQ,0,0,0.008899415,Low Risk
1716-LSAMB,0,0,0.008834812,Low Risk
1862-QRWPE,0,0,0.008815545,Low Risk
1757-TCATG,0,0,0.00878874,Low Risk
7244-KXYZN,0,0,0.008741607,Low Risk
7473-ZBDSN,0,0,0.0087196985,Low Risk
3967-KXAPS,0,0,0.008669787,Low Risk
3705-PSNGL,1,0,0.008640415,Low Risk
0906-QVPMS,0,0,0.008636776,Low Risk
8194-PEEBY,0,0,0.00862097,Low Risk
3594-BDSOA,0,0,0.008565681,Low Risk
3769-MHZNV,0,0,0.008437956,Low Risk
7359-WWYJV,0,0,0.008435068,Low Risk
3563-SVYLG,0,0,0.008370283,Low Risk
0604-THJFP,0,0,0.00834578,Low Risk
1972-XMUWV,0,0,0.008301665,Low Risk
4742-TXUEX,0,0,0.00829443,Low Risk
9286-BHDQG,0,0,0.008218177,Low Risk
0969-RGKCU,0,0,0.008186253,Low Risk
2954-PIBKO,0,0,0.008170039,Low Risk
5847-MXBEO,0,0,0.008165763,Low Risk
3244-CQPHU,0,0,0.0081657125,Low Risk
4092-OFQZS,0,0,0.008153672,Low Risk
6598-RFFVI,1,0,0.008062056,Low Risk
6463-MVYRY,0,0,0.008045558,Low Risk
0487-CRLZF,0,0,0.0080347955,Low Risk
2650-GYRYL,0,0,0.007986261,Low Risk
3635-QQRQD,0,0,0.007943189,Low Risk
8990-YOZLV,0,0,0.007924618,Low Risk
1459-QNFQT,0,0,0.007875134,Low Risk
2829-HYVZP,0,0,0.0078717815,Low Risk
2040-XBAVJ,0,0,0.007870769,Low Risk
8915-NNTRC,0,0,0.007844825,Low Risk
2817-LVCPP,0,0,0.0077844546,Low Risk
9548-LERKT,0,0,0.0077811438,Low Risk
3745-HRPHI,0,0,0.0077494252,Low Risk
0114-IGABW,0,0,0.0077483,Low Risk
1023-BQXZE,0,0,0.0076706894,Low Risk
0019-GFNTW,0,0,0.007641266,Low Risk
5495-GPSRW,0,0,0.007539445,Low Risk
0281-CNTZX,0,0,0.0074558323,Low Risk
5627-TVBPP,0,0,0.0074410476,Low Risk
8173-RXAYP,0,0,0.007369777,Low Risk
4102-HLENU,0,0,0.007330765,Low Risk
4785-FCIFB,0,0,0.0073077856,Low Risk
7242-EDTYC,0,0,0.007293989,Low Risk
1534-OULXE,0,0,0.0071898997,Low Risk
1265-BCFEO,0,0,0.007167137,Low Risk
3884-UEBXB,0,0,0.007130652,Low Risk
6248-BSHKG,0,0,0.007108026,Low Risk
7018-FPXHH,0,0,0.0070833066,Low Risk
9968-FFVVH,0,0,0.007080416,Low Risk
5458-CQJTA,1,0,0.006961326,Low Risk
2984-RGEYA,0,0,0.0069159027,Low Risk
9127-FHJBZ,0,0,0.0069003864,Low Risk
3649-JPUGY,0,0,0.0068655955,Low Risk
3400-ESFUW,1,0,0.006809705,Low Risk
5702-KVQRD,0,0,0.006752821,Low Risk
2272-WUSPA,0,0,0.0067505757,Low Risk
6723-CEGQI,0,0,0.0067417924,Low Risk
0556-FJEGU,0,0,0.006723075,Low Risk
3889-VWBID,0,0,0.006718043,Low Risk
7073-QETQY,0,0,0.006651596,Low Risk
9624-EGDEQ,0,0,0.0066220514,Low Risk
5915-ANOEI,0,0,0.0065180296,Low Risk
6961-MJKBO,0,0,0.006433745,Low Risk
2068-WWXQZ,0,0,0.006399175,Low Risk
3308-DGHKL,0,0,0.0063517685,Low Risk
9646-NMHXE,0,0,0.0063181357,Low Risk
4817-KEQSP,0,0,0.006296358,Low Risk
8957-THMOA,0,0,0.0062877387,Low Risk
2696-RZVZW,0,0,0.0062629455,Low Risk
7579-KKLOE,0,0,0.006221635,Low Risk
4475-NVTLU,0,0,0.0061137723,Low Risk
5148-ORICT,0,0,0.005939619,Low Risk
6425-JWTDV,0,0,0.0058564977,Low Risk
7601-GNDYK,0,0,0.005854535,Low Risk
6698-OXETB,0,0,0.005669389,Low Risk
1270-XKUCC,0,0,0.005610236,Low Risk
1047-RNXZV,0,0,0.005597269,Low Risk
4641-FROLU,0,0,0.005559755,Low Risk
2122-SZZZD,0,0,0.0054863337,Low Risk
5472-CVMDX,0,0,0.0054420074,Low Risk
0123-CRBRT,0,0,0.005415623,Low Risk
0336-KXKFK,0,0,0.0053486237,Low Risk
3831-YCPUO,0,0,0.005344366,Low Risk
4589-IUAJB,0,0,0.005221597,Low Risk
7205-BAIAD,0,0,0.005182952,Low Risk
2725-TTRIQ,0,0,0.005090027,Low Risk
5360-XGYAZ,0,0,0.0050891913,Low Risk
1619-YWUBB,0,0,0.005067239,Low Risk
5774-QPLTF,0,0,0.0050267824,Low Risk
9953-ZMKSM,0,0,0.004992864,Low Risk
9975-GPKZU,0,0,0.004941855,Low Risk
9945-PSVIP,0,0,0.0049104756,Low Risk
7722-VJRQD,0,0,0.0048937974,Low Risk
0916-KNFAJ,0,0,0.0048430557,Low Risk
9795-SHUHB,0,0,0.0048191883,Low Risk
6164-HAQTX,0,0,0.0047742184,Low Risk
5006-MXVRN,0,0,0.004565513,Low Risk
0936-NQLJU,0,0,0.0045509306,Low Risk
0603-TPMIB,0,0,0.0045380546,Low Risk
4376-KFVRS,0,0,0.0045330147,Low Risk
5699-BNCAS,0,0,0.0045226766,Low Risk
8882-TLVRW,0,0,0.00432228,Low Risk
9397-TZSHA,0,0,0.0042825597,Low Risk
0613-WUXUM,0,0,0.004277333,Low Risk
4973-MGTON,0,0,0.004230374,Low Risk
5214-CHIWJ,0,0,0.004158544,Low Risk
1395-WSWXR,0,0,0.0041516144,Low Risk
9337-SRRNI,0,0,0.004148142,Low Risk
4077-HWUYD,0,0,0.0041471478,Low Risk
9372-TXXPS,0,0,0.0041031586,Low Risk
0732-OCQOC,0,0,0.004087668,Low Risk
1223-UNPKS,0,0,0.004081992,Low Risk
6997-UVGOX,0,0,0.004079393,Low Risk
6857-TKDJV,0,0,0.0040620854,Low Risk
6000-UKLWI,0,0,0.0040591755,Low Risk
7306-YDSOI,0,0,0.0040269108,Low Risk
5743-KHMNA,0,0,0.0040012356,Low Risk
7688-AWMDX,0,0,0.003912513,Low Risk
8028-PNXHQ,0,0,0.003882927,Low Risk
5980-BDHPY,0,0,0.003880355,Low Risk
8701-DGLVH,0,0,0.0038731107,Low Risk
9251-AWQGT,0,0,0.003855823,Low Risk
8404-VIOMB,0,0,0.0038132619,Low Risk
5067-WJEUN,0,0,0.0037151796,Low Risk
2263-SFSQZ,0,0,0.0035991492,Low Risk
0301-KOBTQ,0,0,0.0035458917,Low Risk
1265-ZFOSD,0,0,0.0035068076,Low Risk
5605-XNWEN,0,0,0.0034612452,Low Risk
7969-FFOWG,0,0,0.003444172,Low Risk
3161-ONRWK,0,0,0.00342604,Low Risk
8092-NLTGF,0,0,0.0033676208,Low Risk
4967-WPNCF,0,0,0.0032758801,Low Risk
8218-FFJDS,0,0,0.003165031,Low Risk
6060-QBMGV,0,0,0.0029995537,Low Risk
3612-YVGSJ,0,0,0.0029698166,Low Risk
7673-BQGKU,0,0,0.0029637786,Low Risk
6695-FRVEC,0,0,0.002931956,Low Risk
0397-ZXWQF,0,0,0.0029280249,Low Risk
5970-GHJAW,0,0,0.0029255687,Low Risk
7695-PKLCZ,0,0,0.0029030389,Low Risk
9453-PATOS,0,0,0.0028789653,Low Risk
9153-BTBVV,0,0,0.0028690747,Low Risk
0506-YLVKJ,0,0,0.0028388358,Low Risk
1227-UDMZR,0,0,0.0028004688,Low Risk
2718-YSKCS,0,0,0.002780277,Low Risk
9823-EALYC,0,0,0.0026646825,Low Risk
4707-MAXGU,0,0,0.002649063,Low Risk
2509-TFPJU,0,0,0.002649063,Low Risk
2961-VNFKL,0,0,0.0026418853,Low Risk
3996-ZNWYK,0,0,0.0026016568,Low Risk
3796-ENZGF,0,0,0.0025966305,Low Risk
6980-IMXXE,0,0,0.0025508262,Low Risk
4231-LZUYM,0,0,0.002529092,Low Risk
1926-QUZNN,0,0,0.0024620325,Low Risk
9297-EONCV,0,0,0.0024558953,Low Risk
7115-IRDHS,0,0,0.002439045,Low Risk
0909-SELIE,0,0,0.0023749943,Low Risk
1194-BHJYC,0,0,0.0023690534,Low Risk
1166-PQLGG,0,0,0.002307345,Low Risk
7711-GQBZC,0,0,0.0023006827,Low Risk
4086-WITJG,0,0,0.0021684729,Low Risk
6345-FZOQH,0,0,0.00211423,Low Risk
7463-IFMQU,0,0,0.0020618543,Low Risk
6823-SIDFQ,0,0,0.0019792155,Low Risk
0480-KYJVA,0,0,0.0019024679,Low Risk
7684-XSZIY,0,0,0.0018777864,Low Risk
6285-FTQBF,0,0,0.0017995825,Low Risk
7606-BPHHN,0,0,0.0016589044,Low Risk
8224-KDLKN,0,0,0.0016102224,Low Risk
1052-QJIBV,0,0,0.0013792791,Low Risk
0825-CPPQH,0,0,0.001369349,Low Risk
